,category,word
0,texture,difficult
1,texture,sheer
2,texture,silky
3,texture,tender
4,texture,clingy
5,texture,easy
6,texture,tough
7,texture,hard
8,texture,soft
9,quality,cheap
10,quality,thin
11,quality,lightweight
12,quality,unworthy
13,quality,careful
14,quality,careless
15,quality,comfy
16,quality,thick
17,quality,comfortable
18,quality,worthy
19,quality,expensive
20,quality,uncomfortable
21,general,pricey
22,general,disappointed
23,general,unsexy
24,general,great
25,general,disappointing
26,general,versatile
27,general,neuter
28,general,flattering
29,general,sexy
30,general,cute
31,general,gorgeous
32,general,perfect
33,general,unflattering
34,general,amazing
35,general,sporty
36,general,masculine
37,general,feminine
38,general,unique
39,general,imperfect
40,general,pretty
41,size,large
42,size,wide
43,size,short
44,size,tall
45,size,narrow
46,size,loose
47,size,tight
48,size,long
49,size,compact
50,size,oversized
51,size,small
52,size,petite
53,design,simple
54,design,sloppy
55,design,delicate
56,design,complex
57,design,loose
58,design,transparent
59,design,roomy
60,design,classic
61,design,puffy
62,design,rugged
63,design,quirky
64,design,floral
65,design,compact
66,quality,comfortable
67,general,great
68,texture,soft
69,general,flattering
70,general,cute
71,general,perfect
72,size,short
73,texture,worth
74,texture,true
75,size,tight
76,texture,beautiful
77,size,big
78,size,long
79,texture,good
80,texture,nice
81,quality,comfy
82,design,loose
83,texture,easy
84,texture,sheer
85,texture,boxy
86,texture,warm
87,general,versatile
88,texture,better
89,quality,thin
90,general,gorgeous
91,size,small
92,texture,hard
93,texture,huge
94,texture,flowy
95,size,large
96,size,shorter
97,texture,happy
98,texture,adorable
99,general,feminine
100,general,pretty
101,size,wide
102,quality,lightweight
103,texture,fine
104,texture,light
105,texture,bad
106,texture,made
107,general,amazing
108,texture,lovely
109,texture,fitted
110,texture,heavy
111,texture,sure
112,texture,stylish
113,design,roomy
114,texture,casual
115,texture,fit
116,texture,cozy
117,texture,snug
118,general,unique
119,quality,cheap
120,general,disappointed
121,texture,glad
122,texture,fitting
123,texture,itchy
124,general,pricey
125,texture,right
126,texture,cool
127,general,unflattering
128,quality,expensive
129,texture,different
130,texture,available
131,quality,thick
132,texture,dressed
133,texture,stretchy
134,texture,baggy
135,texture,fun
136,design,delicate
137,texture,classy
138,texture,difficult
139,general,prettier
140,general,disappointing
141,texture,stunning
142,texture,chic
143,texture,sad
144,texture,scratchy
145,general,sexy
146,texture,bulky
147,texture,low
148,design,sloppy
149,texture,enough
150,size,oversized
151,texture,airy
152,texture,dressy
153,texture,best
154,texture,fabulous
155,texture,polished
156,texture,odd
157,design,simple
158,texture,elegant
159,texture,high
160,texture,wonderful
161,texture,stiff
162,texture,top
163,texture,awesome
164,texture,appropriate
165,texture,full
166,size,tight
167,size,snug
168,size,perfect
169,size,great
170,size,sure
171,size,big
172,size,pregnant
173,size,wonderful
174,size,wonderful
175,size,great
176,size,great
177,size,nice
178,size,nice
179,size,perfect
180,size,little
