,category,word
0,texture,texture
1,texture,cloth
2,texture,feeling
3,texture,fabric
4,texture,cotton
5,texture,denim
6,texture,material
7,quality,quality
8,quality,feeling
9,quality,touching
10,quality,touch
11,part,part
12,part,sleeves
13,part,collar
14,part,button
15,part,knit
16,part,strap
17,part,tie
18,part,lace
19,part,layer
20,part,heel
21,part,portion
22,color,color
23,color,colour
24,color,hue
25,color,blue
26,design,length
27,design,design
28,design,dot
29,design,lining
30,design,stripe
31,design,pattern
32,design,print
33,design,drape
34,design,style
35,color,color
36,part,dress
37,texture,fabric
38,part,top
39,design,fit
40,design,size
41,color,material
42,design,length
43,quality,quality
44,part,shirt
45,part,sweater
46,color,look
47,design,design
48,design,style
49,design,detail
50,part,jean
51,design,cut
52,design,sleeve
53,quality,pant
54,design,skirt
55,design,one
56,design,pattern
57,design,print
58,part,piece
59,part,reviewer
60,quality,time
61,design,weight
62,part,waist
63,part,jacket
64,design,review
65,design,way
66,quality,thing
67,design,shape
68,color,price
69,design,day
70,part,side
71,part,blouse
72,part,tee
73,design,compliment
74,part,part
75,design,bit
76,part,arm
77,part,shoulder
78,part,bra
79,design,pair
80,part,button
81,part,neck
82,part,neckline
83,part,retailer
84,design,medium
85,part,leg
86,part,torso
87,part,back
88,design,colors
89,part,chest
90,design,line
91,part,store
92,part,cardigan
93,part,body
94,part,hip
95,part,tank
96,part,hem
97,part,jeans
98,design,feel
99,part,frame
100,design,model
101,quality,bust
102,design,embroidery
103,design,version
104,part,lace
105,part,bottom
106,part,picture
107,color,hole
108,design,summer
109,design,figure
110,part,weather
111,part,area
112,part,denim
113,part,photo
114,design,boot
115,part,amount
116,part,front
117,part,coat
118,design,drape
119,part,layer
120,quality,love
121,design,sleeves
122,design,stripe
123,design,purchase
124,design,lining
125,part,legging
126,part,pants
127,part,pocket
128,part,place
129,part,knit
130,color,cotton
131,part,room
132,part,item
133,quality,touch
134,design,year
135,design,issue
136,design,petite
137,part,vest
138,quality,rise
139,design,wear
140,design,everything
141,design,texture
142,part,strap
143,part,girl
144,part,short
145,design,complaint
146,part,person
147,part,tunic
148,part,brand
149,part,tent
150,design,slip
151,color,stretch
152,design,build
153,design,motif
154,part,zipper
155,part,collar
156,design,half
157,design,wash
158,quality,problem
159,part,glove
160,part,woman
161,part,thigh
162,part,thread
163,color,pink
164,part,skin
165,part,seam
166,design,type
167,color,sizing
168,part,addition
169,design,work
170,design,people
171,part,portion
172,part,tie
173,design,flare
174,part,lady
175,part,heel
176,part,grey
177,color,belt
178,design,idea
179,part,tops
180,design,shade
181,quality,occasion
182,part,pockets
183,part,armhole
184,design,navy
185,design,option
186,quality,flow
187,part,clothes
188,part,sack
189,quality,maternity
190,design,details
191,design,lot
192,design,feature
193,part,spot
194,design,outfit
195,design,fall
196,part,blazer
197,design,sandal
198,design,month
199,part,sweatshirt
200,color,blue
201,design,styling
202,part,edge
203,design,clothing
204,design,necklace
205,design,season
206,design,staple
207,part,silhouette
208,part,linen
209,design,coverage
210,part,dresses
211,design,peplum
212,design,choice
213,color,water
214,part,tights
215,design,buy
216,design,reason
217,quality,swing
218,part,slit
219,design,band
220,design,fan
221,part,suit
222,part,orange
223,part,jumpsuit
224,design,cami
225,part,light
226,design,combination
227,design,night
228,design,section
229,part,snug
230,design,winter
231,design,bootie
232,design,deal
233,design,dream
