,review_header,review_rating,review_text
0,Professional athletic shirt,5.0 ,"This shirt is great for any active or athletic professional. I'm a personal trainer and a massage therapist, and this shirt paired with black gym pants allows me to look professional, while providing total body comfort and flexibility to move and bend freely. The sleeves are a little short, which may be a complaint for some. But they look great if you've got nice biceps."
1,Great light weight shirt! LOVE THEM!,5.0 ,"My husband loves this shirt. The fabric is soft and light weight but not see through. It does not show all details of what under (some show the bumpiness of hair on your chest and nipples). He wears an XL or XXL we ordered XXL after reading reviews and it's a perfect and flattering fit. It is also wrinkle resistant, so I'm not ironing. We ordered 3 after the first one came. The red, green, and black are all very nice. He was afraid the heather grey looked to casual."
2,Excellent!,5.0 ,"These are actually great, well made shirts at a phenominal price! They have a bit of stretch too for extra comfort. They do run big, I’m a fit/lean 5’9” 168 and like shirts to “fit”, the small is perfect. I would love to see more colors!!"
3,very good,5.0 ,I love it but it wears a little large. I'm sure it depends on the shape of your body. I like a snug fit. I wear a Medium ordered a medium and was too large. I returned it for a small and works great.
4,Good quality at a good price,5.0 ,"I've got performance polos from Adidas, Uniqlo and Puma. These compare well for a good price. They don't feel like you're wearing a plastic trash bag and the cloth texture feels great. Looking to buy in other colors. Recommended"
5,"Comfortable, lightweight, collar comes up high?",5.0 ,"Fits true to size. I have 19.5"" shoulders and an XL fits perfect without being too tight or too baggy. It's lightweight, soft and breathable. The one thing that is a little weird is that the collar comes up kinda high? Might relax a bit after a wash. Doesn't look bad, it's more of an observation."
6,Two Stars,2.0 ,"Don’t be fooled by the model fit. Has a shapeless fit like a ‘90s cut. Followed the sizing guide, but either there was some behind the scenes phony camera work, or you could take a chance ordering undersized? For my money I won’t buy again unless for grandpa."
7,Great shirt. Nice and soft,5.0 ,"Great shirt. Nice and soft. Breathable fabric, great for warm weather. Fits true to size, very happy with this polo. I am going to this same shirt in another color soon! I am a slender and tall guy and it fits true to size. It doesn't fit loose, or tight, it fits just right!"
8,Four Stars,4.0 ,Collar sits high.
9,Not bad at all,5.0 ,"Like most reviews here I don't have a problem with these shirts. They're comfy and seem to be well made. On occasion there has been some excess string hanging after a wash but it doesn't seem to affect the shirt at all. I bought one of each color in medium. The collar is perfectly fine, I'm not sure what others are complaining about. Overall, if you need some decent casual and comfy collared shirts this is the way to go. I'm 5'8"" and skinny at 135 lbs. The medium size fits me just fine."
10,This line of shirts are a HERO product! Well designed/ perfect fit! I have every color!,5.0 ,"I Love, love, love this entire line of well fitting shirts! 3 of the guys in my office agree -- we all have ALL the colors! I do hope more colors are on the horizon -- maybe some brights/neons ? Forgivable perfect fabric that allows you to gain or lose a pound or two, and still look polished. Wonderful for travel - light weight and wrinkle free. WOW!"
11,One of the best purchase on Amazon,5.0 ,"One of the best purchase on Amazon. I personally donot like To wear polo but this polo is nice looking, business casual and the polo hugs my body enough that it looks fits. I only wear polo for works but now considering using these polo for causual hang out."
12,Tech Polo,5.0 ,"Great value here on these polos. These are easily the same quality as a more-expensive Under Armour polo, without the logo. They seem to fit pretty standard/ sizing is pretty good & accurate. They're thin/ lightweight. The heather colors are really nice. I liked the first one so much that I bought 3 more in other colors. Recommended."
13,Order a size up,4.0 ,"Seems like decent fabric that is breathable and lightweight. I agree with other users though on sizing, I ordered a size larger (XL) than what I usually wear (L). It was a perfect fit. They run slightly small. Also, the length is a bit on the short size. Time and washes/drys will see if it shrinks up (let’s be honest, all cheaper polos eventually shrink in length given the quality)."
14,Stay Away,1.0 ,"U-G-L-Y, not worth it. Fabric was ok, but the collar was huge and looks cheap"
15,Great Buy,5.0 ,"Comfortable, had great moisture wicking properties. Exactly as described. I would by more from Amazon's clothing line. Can't beat the price on this too."
16,"The collar is really tall, and the length is ...",2.0 ,"The collar is really tall, and the length is too short."
17,Good shirt,4.0 ,Fine shirt. Pretty good at not getting all wrinkled.
18,... the material is soft and breathable so that is nice.,4.0 ,The collar is rather high for my tastes but it fits very well and the material is soft and breathable so that is nice.
19,this one was the best. It was actually close to the right size ...,4.0 ,"Of the three essentials polo's I tried through Amazon Wardrobe, this one was the best. It was actually close to the right size and fit well. It is short though. You basically have to tuck it in."
20,Nice shirts! Lightweight and very comfortable,5.0 ,"Nice shirts! Lightweight and very comfortable. I'm 5'10"", 200 lbs. and I dabble in weightlifting (slightly larger shoulder, arms and chest). I'm usually stuck in between a large being too small, and an extra large being too big. The large fits me perfectly. I bought 2 of these, and would recommend them. Are they the finest material, stitched by the most talented craftsman in the northern hemisphere? No, but look at the price. Most definitely worth the price."
21,Nice soft shirt,5.0 ,"Bought this for my husband, he really liked the fit and feel of this shirt. He wears and xlg and it fit him perfectly. He was happy won the length and the feel of the sleeves."
22,Well Made Shirt,5.0 ,Quality shirt at a very good price. Well made for the price point and holds up well in the wash. This is the third shirt of this type I've purchased and I'm happy with them all
23,Great option for any occasion,5.0 ,"Great option for any occasion, perfect for the office or a round of golf. These style of “tech” polos have become extremely popular over the years so the price has become a bit ridiculous, look no further a stylish design with the perfect fit, will be purchasing many more."
24,Just Perfect !,5.0 ,"Perfect fit and style and price and material! Basically, everything branded amazon I bought was great"
25,beautiful shirt out of the box,4.0 ,"beautiful shirt out of the box, very light and soft. Runs a bit small for a 2X, but what price. Looks and feels very expensive. If they made one size larger I would buy one in every color."
26,Nice polo,4.0 ,Better quality than expected. Fits smaller than size. Had to go one size larger.
27,"Can't go wrong with these, own several",5.0 ,"These shirts are the tits. They're cheap and fit my athletic build perfectly. I'm 6'2, 210lbs, and the Large fits great."
28,I like this shirt and it seems to be decent quality,2.0 ,"I like this shirt and it seems to be decent quality, but the black isn't very black. It has a lot of grey in it. I just want black."
29,Awkward collar and runs small,3.0 ,Decent fabric but the collar is very high and just awkward. Shirt also runs a tad smaller than usual.
30,Will be buying more colors instantly.,5.0 ,"Love it. Quality materiak. Slim fitting. Great for office, golf, the bar. Can’t beat the price either. Will be buying more."
31,Looks great. Feels great,5.0 ,I will be buying more of these. A performance polo for $15??? Fits well. Looks great. Feels great.
32,Runs Large,3.0 ,"Good material and construction, but runs considerably large. Great product other than the sizing."
33,Fell apart after two washings,2.0 ,"Wore it once. Apart from a too-stiff collar, liked it overall, but during the second wash, the stiching came undone."
34,Great polo,5.0 ,"I’ve bought two of these for my husband and he loves them. Lightweight, breathable material."
35,Four Stars,4.0 ,"Nice looking shirt, however it fits bigger than I like and especially for a stretch shirt."
36,Men's Tech Stretch Polo- Great Fit,5.0 ,"Good value for a nice casual shirt. I wear a medium, and this medium fits very well."
37,Wierd collar....,2.0 ,"I liked the fabric and the fit in the arms/chest/body (athletic build), but the collar had a high-rise giraffe neck feel to it (and I have a pretty long neck...).... returned it."
38,Good material. Runs Large,5.0 ,This shirt is awesome! The material is very nice and it looks great. It runs a little large. I normally wear a medium but I got a small and it fit great.
39,Not bad shirt I guess for the price,3.0 ,Not bad shirt I guess for the price. I find it to be bigger than I thought. Also began coming apart after 1 wash. Still wearable for now.
40,Five Stars,5.0 ,great shirt for golf. much better fit than the standard quick dry.
41,Comfortable and titilating,4.0 ,"If you have glass cuttin nips, definitely wear an undershirt or bandages, this shirt leaves little to the imagination. Comfy and light, great fit."
42,Three Stars,3.0 ,"It's ok for the price, remember you get what paid for..."
43,Five Stars,5.0 ,"Fit like rest of polo's do. Feels great, nice and light."
44,OK,4.0 ,Not the best but lightweight enough for the Summer
45,Fit is good,4.0 ,"Fit good, but light weight a summer shirt"
46,Not Great Quality,2.0 ,"Appears to be terrible quality, after one wash several dangling strings appeared in which cutting one of them now makes the bottom back uneven. Great deal if the shirt held up well, this one didn't after a single wash."
47,Five Stars,5.0 ,Perfect cut and length. Nothing to complain about .
48,Small is too large,1.0 ,I thought this was going to be more form fitting with an athletic stretch but the small was really loose and quite long. Returned.
49,Grate quality!!,5.0 ,Grate product Grate quality Got 10 of them !!
50,Nice,5.0 ,Nice shirt. Looks good and fits good.
51,Four Stars,4.0 ,"Good fit, great price. No regrets"
52,"Nice fit, extremely comfortable shirts!",5.0 ,"I have really been enjoying the two polos that I bought. I have worn them a few different times now, and they have held up well so far. The shirts are very lightweight and comfortable. They have somewhat of a “form fit,” which works well for me. I plan to buy more of these!"
53,Four Stars,4.0 ,"Thin, fits well although a little long in the shoulders"
54,They run small beware,3.0 ,Shirts run a little small. I would order one size larger than normal.
55,Five Stars,5.0 ,Comfortable and durable. Very happy.
56,Great shirt,4.0 ,Very comfortable shirt!
57,Excellent Gift.,5.0 ,Great present for the grandson.
58,Five Stars,5.0 ,Fits true to size. Well made.
59,Five Stars,5.0 ,Great shirt- Great price!
60,fit is pretty tight not too tight or too lose though,5.0 ,"fit is pretty tight not too tight or too lose though. love the colllar, it is not big like a regular polo."
61,Four Stars,4.0 ,Looks good a little tight
62,Super great value. Stylish - Comfortable - Fits True To Size,5.0 ,"This was my first purchase of Amazon Essentials clothing, and it won’t be my last. This golf shirt is stylish, comfortable and fits true to it’s size. It has been washed twice now, and has washed up well. I’m impressed, especially for the ultra affordable price."
63,Solid buy,5.0 ,Excellent bu
64,Five Stars,5.0 ,I love it
65,Amazon makes good clothes now,5.0 ,Great shirt. Fits well. Excellent value.
66,will buy another one soon,5.0 ,looks cool
67,Collar Area Sits Too High,2.0 ,"Collar sits too high. Even when not buttoned the collar area fits like a fully buttoned dress shirt. Difficult to describe, but not a typical fit compared to any other Polo type shirt I've ever worn. Model pic is deceiving."
68,Great value and fit,5.0 ,"They run a size big. I wear a medium in everything, I exchanged it for a small and it fits great. Will definitely order another later on."
69,Five Stars,5.0 ,Love this shirt and its a good fit
70,... the brightest color out of them all and my favorite,5.0 ,Blue is the brightest color out of them all and my favorite
71,Nice athletic fit,5.0 ,Great athletic fit shirt! I typically find that shirts will be loose in the mid section but this one fits me well and looks great to boot.
72,Four Stars,4.0 ,Size was a little bigger than expected and not crazy about the 3 buttons vs. 2
73,Five Stars,5.0 ,Very comfortable and takes minimum effort to get the wrinkles out. I will buy more of them
74,Wise Purchase Decision,5.0 ,Stylish casual wear. Looks and fits great.
75,Five Stars,5.0 ,Excellent
76,Five Stars,5.0 ,Comfortable and good looking.
77,Runs big,2.0 ,Runs big.
78,Five Stars,5.0 ,Perfect polo for work! Amazing price & it’s very comfy when you move around at work a lot!
79,Looks great and comfortable.,5.0 ,Extremely comfortable and looks great. Will probably buy more in other colors.
80,Five Stars,5.0 ,Great shirt for the office! Lightweight fabric that fits well.
81,"Looks sharp, wrinkles easily.",4.0 ,"Great quality shirt, looks very sharp. The shirt does wrinkle very easily -- if you put it in the dryer make sure to hang it up as soon as the dryer cycle ends or it will wrinkle within a few minutes of sitting in the dryer."
82,Can’t complain for $15 polo fitment is good and very comfortable im just not a big fan ...,4.0 ,Can’t complain for $15 polo fitment is good and very comfortable im just not a big fan of the way the collar lays
83,Five Stars,5.0 ,Fit just fine!
84,Too small for an xl.....,1.0 ,Too small for an xl..... also needed more length
85,Sizing was perfect. This is s comfortable shirt that looks fantastic,5.0 ,This was a gift for my son. Sizing was perfect. This is s comfortable shirt that looks fantastic.
86,amazon has done it,5.0 ,Great fit and feel
87,A price that can’t be beat,5.0 ,"For the price this shirt can’t be beat, the shirt is really good at wicking moisture. Amazing build quality, and fits amazingly for going off the size chart."
88,Great fit and quality!,5.0 ,I bought this shirt for my 23 year old son and it fit nice and the quality was much better than I expected! Great deal for the $.
89,Five Stars,5.0 ,A little thin.
90,Just... Okay.,3.0 ,Not as nice or well crafted as Old Navy or Arizona shirts.
91,Four Stars,4.0 ,Nice color and basic lightweight polo
92,Smallish,3.0 ,I thought it fit smaller than expected.
93,Five Stars,5.0 ,Very good price on a shirt that feels great and looks nice. Amazon continues to amaze me.
94,"Amazon, continuing to take over the world!!",5.0 ,Shirts are awesome. The collar seems to be a little higher than usual but still works.
95,"Great price, rough fabric",4.0 ,Can’t beat the price. Fabric is somewhat harsh or scratchy. That rough feeling lessened after washing the first time.
96,Five Stars,5.0 ,Lots of compliments for such an inexpensive shirt.
97,Two Stars,2.0 ,Not long enough for my husband. He’s 6’3
98,Two Stars,2.0 ,Way too short in length
99,Would buy again,5.0 ,Fits as expected. Love this shirt
100,Love it on my husband!,5.0 ,Great quality item!
101,Not Heather Black,3.0 ,Not heather black. Has a green hue. Also fit is small.
102,Fit was perfect,5.0 ,Very nice well fitting shirt
103,Love these shirts for this price.,5.0 ,Great product at product a great price.
104,One Star,1.0 ,I didn't even get this color delivered some other blue
105,Excellent shirt,5.0 ,Good fit and a great value.
106,Too small,3.0 ,Nice shirt but it runs very small
107,Great quality!,5.0 ,My husband loves it!!!! Great quality!!!!!
108,fits soooo good,5.0 ,amazing shirt
109,Five Stars,5.0 ,Amazing product
110,Jury still out...,4.0 ,"The sleeves are TOO short. This is a nice quality shirt at a great price but the sleeves are much too short. C'mon, you can do better than this.Every aspect of the shirt is nice EXCEPT the sleeves. I buy a size large in all golf/polo shirts and if I wanted a sleeveless shirt I would cut the sleeves off. Maybe you make this for the muscle bound young guys...please...Look at the male model--TOO short!"
111,Low Quality,2.0 ,"These are terrible...the collars on both the shirts I received have a weird fold in them that I had hoped would come out in the wash but no such luck...they're both uwearable and now, unreturnable...."
112,"Collar tall and stiff, material OK",2.0 ,"The material was ok, but the style was straight out of the 80s IMHO. The collar was too tall and stiff. Probably a great shirt for golf but not for a night out. I'll pass."
113,"Nice material, collar looks great",5.0 ,"Love the stand up collar. For such a light material, it's very stylish. Lots of compliments."
114,Three Stars,3.0 ,"Weird color, the sleeves are a bit short. Will not purchase again."
115,Nicer than expected,5.0 ,Nice build quality and great color.
116,Previously been worn,1.0 ,"This came to me with the apperance of being previousally being worn complete with stains on front. Material cheap,flimsy"
117,A nice dressy polo,4.0 ,"A great casual dress polo, good for the office or out on the golf course. The fabric is that light-silkish feeling material, which flows and hugs the body shape. Not especially flattering if you're an off body shape as it does tend to cling to your frame and create folds that sort of 'point'. The quick dry fabric does work well, even when 'stressed' in hot environments. It does show wet spots, but dries off pretty quickly."
118,These shirts are really nice for the price,5.0 ,"These shirts are really nice for the price. It makes getting ready for work easy, without the worry about ironing my shirts. The only gripe I really have is that there is a reflective logo on the back of the neck that I didn't really notice in the pictures. The fit is good, and hugs the arms nicely to show off the ""guns""."
119,This is a pretty nice shirt,4.0 ,"This is a pretty nice shirt, especially for the price. However, it's extremely thin and therefore see through. He usually wears his with an undershirt."
120,Very stylish polo shirt,5.0 ,This polo shirt is very stylish as the gray material is brought to life by the tint of whites. A polo shirt that can possibly be worn as casual office dress as its color and cut give it an almost uniform look. Reminds me of the shirts that employees may wear at golf clubs and such.
121,Well Made and Comfy,5.0 ,"The XL fits as expected, the fabric is quite comfortable which makes this the perfect summer polo."
122,feels great. Collar lays perfectly,5.0 ,"Extremely impressed. Light weight, feels great. Collar lays perfectly. I highly recommend this. I’m going to buy more. Great price"
123,... from Amazon last summer and the quality was far superior to this one,1.0 ,I bought several of this type of shirt from Amazon last summer and the quality was far superior to this one.
124,but the fabric is nice and the color is pretty,3.0 ,"Wow, strong smell just out of the package. It took two washings to get he smell out. It runs a tad bit small, but the fabric is nice and the color is pretty."
125,"The black is wonderful, it is something that I will wear routinely",3.0 ,"I purchased the heather black as well as the heather gray. Unfortunately they fit very differently. The black is wonderful, it is something that I will wear routinely. Unfortunately the grey was at least 1-2"" shorter with a very odd shape to it. Since Amazon's return policy is very friendly, I'll likely give it another shot and try the blue polo next."
126,Sharp looking shirt !,5.0 ,"Shirt looks really good. The fit is great, but the surprise was the texture or feel of the fabric. It's very nice and smooth. This is something you can wear to the office, or a casual dinner. At this price point I was not expecting such a nice look, feel and fit."
127,nice,5.0 ,love
128,Nice looking and Nice feeling shirt,4.0 ,"I really like the feel of this shirt because while being very comfortable to wear, it feels a bit dressy. The gray color is nice and this product has convinced me that the Amazon Essentials line has some high quality clothing."
129,One Star,1.0 ,very cheap shirt
130,Great quality polo for work or casual wear,5.0 ,"Great quality polo for work or casual wear, looks classy and high quality while still being comfortable to wear, no ironing needed, and is a great shirt for summer time as it's not hot. My husband loves it for work."
131,My new favorite,5.0 ,"I love this shirt! It's cool and light, with a bit of stretch. The heather looks very sharp. All very nicely stitched, no stray anything. Not too much extra space around the midsection. Size was as expected."
132,Way lighter than picture,3.0 ,"I was disappointed this shirt was much lighter than the picture. It is much more of a grey heather than a black one. Otherwise,it fits nicely and comes out the dryer wrinkle free, which is a plus ."
133,SIZE,2.0 ,Size is off quite a bit. I ordered a large and will need it to be replaced with a XXL.
134,Lg fits great.,5.0 ,I got a large it is a great fit. Sometimes I get large size and it runs a little too big for me or it fits perfect then shrinks. This is not cotton so I don't need to worry about it shrinking.
135,Awesome Shirt. More Colors Please,5.0 ,These shirts are awesome. Please come out with more colors!
136,Great lightweight knit shirt,5.0 ,"This is a great lightweight summer shirt and would be good for some athletic events as well. The fabric is a very lightweight poly-spandex blend that stretches in both directions. The color is yarn-dyed, not a ""print"", which should mean that it will last longer. The sizing is generous. The back of the neck is ""tagless"" -- the info is printed on, although there are tags in the side seam that you'll likely want to cut off."
137,"Very comfortable, easy to wear with lots of movement and stretching",4.0 ,"I ordered this for myself rather than my husband because I like a roomy polo style shirt for exercising horses. This shirt is exactly what I wanted. It's a mix of cotton and spandex and really softer than expected. There's plenty of movement in the shoulders and chest. Wearing it to work horses on a lunge line or riding dressage patterns is comfortable - there's no binding under the arms and the collar stays flat. I've washed this shirt twice and it hasn't shrunk. My only complaint is the color pattern. It's a light grey with a sort of marbled, splotchy pattern. It's just weird and the shirt would look better as a solid color. No matter, for a barn shirt, the color is irrelevant, comfort and being cool is all that matters."
138,This is a great golf shirt at a great price,5.0 ,This is a great golf shirt at a great price. I am 6ft 190lbs with and athletic build and the large fits me perfectly. Material is soft and breathable too.
